cod_turma,cod_disc,cod_prof,ano,horario
1,1,10,2020.2,16h-18h
2,2,11,2020.1,14h-16h
3,3,9,2021.2,16h-18h
4,4,8,2020.2,10h-12h
5,5,13,2021.2,8h-10h
6,6,3,2019.1,10h-12h
7,7,8,2020.1,16h-18h
8,8,2,2020.1,8h-10h
9,9,16,2020.1,14h-16h
10,10,12,2021.1,14h-16h
11,11,5,2021.2,16h-18h
12,12,6,2020.1,14h-16h
13,13,1,2021.2,14h-16h
14,14,19,2021.1,8h-10h
15,15,18,2021.1,14h-16h
16,16,7,2021.1,16h-18h
17,17,17,2019.1,14h-16h
18,18,15,2019.2,10h-12h
19,19,14,2021.2,8h-10h